vehicle_type,brand,is_reference,listings,model_years,annual_depreciation_pct,ci_low_pct,ci_high_pct,age_only_pct,median_km_per_year,half_life_years,slope_log_per_year,std_err,p_value,significant
car,Volkswagen,False,415,24,4.8157,1.2863,8.219,4.2595,9909.0909,14.044,-0.0494,0.0186,0.0079,True
car,Kia,False,396,20,5.171,4.5628,5.7753,4.5011,11200.0,13.0549,-0.0531,0.0033,0.0,True
car,Chevrolet,False,752,35,5.1814,3.6781,6.6611,4.6756,10839.7436,13.0281,-0.0532,0.008,0.0,True
car,Mazda,False,694,21,5.3025,4.7455,5.8562,4.6841,11520.0,12.7224,-0.0545,0.003,0.0,True
car,Suzuki,False,201,16,5.8079,4.8642,6.7422,5.1084,11750.0,11.5845,-0.0598,0.0051,0.0,True
car,Toyota,True,1243,33,5.8926,5.2473,6.5334,5.1756,12090.9091,11.413,-0.0607,0.0035,0.0,True
car,Renault,False,586,25,6.1454,5.1568,7.1238,5.6478,11741.6667,10.9288,-0.0634,0.0053,0.0,True
car,Nissan,False,422,25,7.2052,6.5618,7.8442,6.7773,11480.7692,9.2692,-0.0748,0.0035,0.0,True
car,Audi,False,201,20,8.902,7.8823,9.9105,8.5049,7727.2727,7.4344,-0.0932,0.0057,0.0,True
car,BMW,False,338,23,9.2108,8.013,10.393,8.7698,8312.5833,7.1732,-0.0966,0.0067,0.0,True
car,Mercedes-Benz,False,480,25,9.235,8.0023,10.4512,8.8101,7666.6667,7.1535,-0.0969,0.0069,0.0,True
car,Ford,False,576,28,9.6032,8.0938,11.0878,9.1938,9654.875,6.8655,-0.101,0.0084,0.0,True
motorcycle,Yamaha,True,451,32,0.8581,-0.6693,2.3623,0.1805,5015.0,80.4344,-0.0086,0.0078,0.2693,False
motorcycle,Honda,False,279,31,1.9305,0.9231,2.9277,1.3769,4600.0,35.5578,-0.0195,0.0052,0.0002,True
motorcycle,Suzuki,False,257,21,2.0673,0.2918,3.8111,1.4382,6713.0,33.1814,-0.0209,0.0092,0.0227,True
motorcycle,BMW,False,428,24,3.5379,-0.0581,7.0046,3.0218,5429.7619,19.2435,-0.036,0.0187,0.0537,False
motorcycle,KTM,False,204,18,3.6853,2.301,5.0499,2.8826,5141.4286,18.4599,-0.0375,0.0073,0.0,True
motorcycle,Bajaj,False,244,16,6.4979,5.0342,7.9391,5.7198,7577.0,10.3167,-0.0672,0.0079,0.0,True
