vehicle_type,segment,n,median_price_cop,median_mileage_km,elasticity,pct_per_step,pct_ci_low,pct_ci_high,cop_per_step,cop_ci_low,cop_ci_high,std_err,p_value,significant
car,all,7639,89000000.0,53000.0,-0.0141,-0.2426,-0.3032,-0.182,-215937.4272,-269834.5378,-162007.578,0.0018,0.0,True
car,Q1,1910,51900000.0,65350.0,-0.0162,-0.23,-0.3716,-0.0883,-119386.0537,-192858.9224,-45808.7844,0.0051,0.0015,True
car,Q2,1910,75900000.0,56140.5,0.0001,0.0015,-0.0733,0.0764,1155.8423,-55622.4315,57976.6211,0.0023,0.9682,False
car,Q3,1909,110000000.0,47000.0,-0.0059,-0.1145,-0.2212,-0.0078,-125972.484,-243265.2106,-8554.4112,0.0028,0.0355,True
car,Q4,1910,198900000.0,45550.0,-0.0082,-0.1623,-0.2884,-0.0361,-322890.3644,-573647.3313,-71816.3491,0.0032,0.0117,True
motorcycle,all,4052,14900000.0,17000.0,-0.0118,-0.5448,-0.9367,-0.1514,-81180.8018,-139571.8114,-22558.8024,0.0044,0.0067,True
motorcycle,Q1,1013,6899000.0,19000.0,0.003,0.1276,-0.4172,0.6754,8802.4795,-28784.1266,46594.72,0.0066,0.6469,False
motorcycle,Q2,1013,11100000.0,18000.0,-0.0024,-0.106,-0.9548,0.75,-11770.1935,-105985.549,83252.5589,0.0099,0.8075,False
motorcycle,Q3,1013,18400000.0,13625.0,-0.028,-1.5281,-2.332,-0.7176,-281165.2479,-429079.8222,-132033.2223,0.0076,0.0002,True
motorcycle,Q4,1013,58900000.0,15600.0,-0.0111,-0.5469,-1.2131,0.1238,-322110.1169,-714488.3598,72914.1574,0.0069,0.1098,False
