vehicle_type,brand,age_years,retained_value_pct
car,Volkswagen,1,95.1843
car,Volkswagen,3,86.2374
car,Volkswagen,5,78.1315
car,Volkswagen,10,61.0453
car,Kia,1,94.829
car,Kia,3,85.2754
car,Kia,5,76.6842
car,Kia,10,58.8047
car,Chevrolet,1,94.8186
car,Chevrolet,3,85.2474
car,Chevrolet,5,76.6423
car,Chevrolet,10,58.7405
car,Mazda,1,94.6975
car,Mazda,3,84.9212
car,Mazda,5,76.1541
car,Mazda,10,57.9944
car,Suzuki,1,94.1921
car,Suzuki,3,83.5687
car,Suzuki,5,74.1434
car,Suzuki,10,54.9725
car,Toyota,1,94.1074
car,Toyota,3,83.3435
car,Toyota,5,73.8108
car,Toyota,10,54.4803
car,Renault,1,93.8546
car,Renault,3,82.6735
car,Renault,5,72.8244
car,Renault,10,53.034
car,Nissan,1,92.7948
car,Nissan,3,79.9044
car,Nissan,5,68.8047
car,Nissan,10,47.3408
car,Audi,1,91.098
car,Audi,3,75.6007
car,Audi,5,62.7398
car,Audi,10,39.3629
car,BMW,1,90.7892
car,BMW,3,74.8347
car,BMW,5,61.6839
car,BMW,10,38.049
car,Mercedes-Benz,1,90.765
car,Mercedes-Benz,3,74.7748
car,Mercedes-Benz,5,61.6016
car,Mercedes-Benz,10,37.9475
car,Ford,1,90.3968
car,Ford,3,73.8685
car,Ford,5,60.3623
car,Ford,10,36.436
motorcycle,Yamaha,1,99.0646
motorcycle,Yamaha,3,97.22
motorcycle,Yamaha,5,95.4097
motorcycle,Yamaha,10,91.0301
motorcycle,Honda,1,98.2479
motorcycle,Honda,3,94.8353
motorcycle,Honda,5,91.5413
motorcycle,Honda,10,83.7981
motorcycle,Suzuki,1,97.3796
motorcycle,Suzuki,3,92.3431
motorcycle,Suzuki,5,87.5671
motorcycle,Suzuki,10,76.68
motorcycle,BMW,1,96.4281
motorcycle,BMW,3,89.6624
motorcycle,BMW,5,83.3714
motorcycle,BMW,10,69.508
motorcycle,KTM,1,96.3446
motorcycle,KTM,3,89.4298
motorcycle,KTM,5,83.0112
motorcycle,KTM,10,68.9087
motorcycle,Bajaj,1,93.5323
motorcycle,Bajaj,3,81.8248
motorcycle,Bajaj,5,71.5827
motorcycle,Bajaj,10,51.2408
