vehicle_type,model,segment_kind,segment,n,mape_pct,median_ape_pct,sigma_log,within_10pct
car,lightgbm,brand,Mercedes-Benz,107,19.9247,14.9344,0.2938,34.5794
car,lightgbm,brand,BMW,79,12.4948,8.2276,0.1809,58.2278
car,lightgbm,brand,Kia,79,12.2826,6.5066,0.1917,69.6203
car,lightgbm,brand,Hyundai,40,10.9434,5.5145,0.162,65.0
car,lightgbm,brand,Ford,114,10.2632,6.3088,0.1536,64.9123
car,lightgbm,brand,Chevrolet,146,10.1138,6.7758,0.1453,71.9178
car,lightgbm,brand,Toyota,240,9.7774,7.4479,0.1327,65.0
car,lightgbm,brand,Nissan,84,9.5351,7.3933,0.1255,65.4762
car,lightgbm,brand,Volkswagen,84,9.1696,7.1558,0.1236,67.8571
car,lightgbm,brand,Renault,116,7.4958,5.6874,0.095,72.4138
car,lightgbm,brand,Suzuki,46,7.3473,4.7064,0.1018,65.2174
car,lightgbm,brand,Mazda,134,6.8051,4.6057,0.1047,81.3433
car,lightgbm,department,Cundinamarca,260,12.4573,7.1471,0.1899,62.6923
car,lightgbm,department,Antioquia,243,11.8476,8.3113,0.1912,60.4938
car,lightgbm,department,Santander,196,11.5624,8.4607,0.1685,58.1633
car,lightgbm,department,Valle Del Cauca,240,11.2515,6.7998,0.1644,62.9167
car,lightgbm,department,Bogotá D.C.,261,10.9899,6.3445,0.1706,66.2835
car,lightgbm,department,Atlántico,240,10.8131,7.3042,0.1572,64.5833
car,lightgbm,department,Norte De Santander,81,7.789,6.4927,0.0974,72.8395
car,lightgbm,price_segment,Q3,382,13.1623,8.4558,0.2018,57.5916
car,lightgbm,price_segment,Q4,382,12.9133,8.7335,0.1949,56.5445
car,lightgbm,price_segment,Q2,382,9.6706,6.2232,0.1411,67.0157
car,lightgbm,price_segment,Q1,382,9.5475,6.3229,0.1361,71.2042
motorcycle,lightgbm,brand,Desconocida,109,55.4951,23.9953,0.6763,21.1009
motorcycle,lightgbm,brand,Yamaha,96,19.5743,11.7316,0.3427,44.7917
motorcycle,lightgbm,brand,Honda,55,17.9532,11.7803,0.258,36.3636
motorcycle,lightgbm,brand,BMW,81,15.3884,10.4329,0.2509,49.3827
motorcycle,lightgbm,brand,Suzuki,76,15.2382,9.7666,0.2273,52.6316
motorcycle,lightgbm,brand,Bajaj,53,9.4738,8.7601,0.1191,60.3774
motorcycle,lightgbm,department,Valle Del Cauca,106,34.3365,13.7998,0.4168,36.7925
motorcycle,lightgbm,department,Santander,44,33.384,19.9379,0.4628,29.5455
motorcycle,lightgbm,department,Cundinamarca,107,26.5882,14.9759,0.4175,34.5794
motorcycle,lightgbm,department,Antioquia,244,19.9992,10.2312,0.364,48.7705
motorcycle,lightgbm,department,Bogotá D.C.,268,15.337,9.4887,0.2651,53.3582
motorcycle,lightgbm,price_segment,Q2,202,36.942,15.5075,0.5191,35.1485
motorcycle,lightgbm,price_segment,Q3,202,19.8309,12.3289,0.3216,40.5941
motorcycle,lightgbm,price_segment,Q4,203,17.7082,10.7607,0.2952,47.7833
motorcycle,lightgbm,price_segment,Q1,203,14.9856,8.7618,0.2087,53.6946
